{"rmse": 20.722578772228385, "mean": 14.66809445254375, "median": 10.735612179904376, "std": 14.638042085691161, "min": 0.05379638877501043, "max": 64.86929102792598, "sse": 76437.69823287545}